code,DATE
301277,2023-06-12
301293,2023-06-12
301311,2023-06-12
301326,2023-06-13
301330,2023-06-12
600075,2023-06-13
600078,2023-06-12
600085,2023-06-13
600094,2023-06-13
600117,2023-06-12
600138,2023-06-13
600169,2023-06-13
600176,2023-06-13
600189,2023-06-13
600195,2023-06-13
600216,2023-06-12
600228,2023-06-12
600249,2023-06-13
600265,2023-06-12
600266,2023-06-13
600272,2023-06-13
600276,2023-06-12
600279,2023-06-13
600281,2023-06-13
600289,2023-06-12
600290,2023-06-12
600326,2023-06-13
600333,2023-06-13
600351,2023-06-13
600354,2023-06-13
600362,2023-06-13
600367,2023-06-13
600387,2023-06-12
600420,2023-06-13
600452,2023-06-12
600463,2023-06-12
600482,2023-06-13
600497,2023-06-13
600561,2023-06-12
600581,2023-06-13
600596,2023-06-13
600597,2023-06-13
600611,2023-06-13
600662,2023-06-13
600666,2023-06-09
600668,2023-06-13
600675,2023-06-13
600678,2023-06-13
600689,2023-06-12
600691,2023-06-12
600692,2023-06-13
600715,2023-06-12
600749,2023-06-12
600751,2023-06-13
600754,2023-06-12
600757,2023-06-12
600765,2023-06-13
600780,2023-06-13
600798,2023-06-13
600826,2023-06-12
600828,2023-06-12
600829,2023-06-13
600830,2023-06-13
600834,2023-06-13
600836,2023-06-12
600918,2023-06-12
600958,2023-06-12
600962,2023-06-13
600970,2023-06-13
600976,2023-06-12
600981,2023-06-12
601007,2023-06-13
601061,2023-06-12
601099,2023-06-12
601108,2023-06-13
601118,2023-06-13
601226,2023-06-12
601377,2023-06-12
601456,2023-06-12
601600,2023-06-13
601628,2023-06-12
601688,2023-06-12
601699,2023-06-13
601858,2023-06-12
601881,2023-06-13
601890,2023-06-13
601933,2023-06-12
603028,2023-06-13
603057,2023-06-13
603060,2023-06-13
603087,2023-06-13
603093,2023-06-13
603099,2023-06-12
603100,2023-06-13
603102,2023-06-13
603117,2023-06-12
603133,2023-06-12
603165,2023-06-13
603181,2023-06-13
603203,2023-06-13
603206,2023-06-12
603227,2023-06-13
603232,2023-06-12
603233,2023-06-13
603237,2023-06-12
603383,2023-06-13
603439,2023-06-13
603456,2023-06-13
603520,2023-06-13
603555,2023-06-12
603557,2023-06-12
603559,2023-06-12
603587,2023-06-13
603605,2023-06-13
603613,2023-06-13
603666,2023-06-13
603669,2023-06-13
603708,2023-06-12
603713,2023-06-13
603719,2023-06-13
603789,2023-06-13
603808,2023-06-13
603839,2023-06-13
603863,2023-06-12
603900,2023-06-13
603927,2023-06-12
603948,2023-06-12
603967,2023-06-12
605008,2023-06-12
605016,2023-06-13
605116,2023-06-13
605167,2023-06-13
605188,2023-06-12
605277,2023-06-13
605368,2023-06-13
605567,2023-06-13
688016,2023-06-12
688047,2023-06-12
688056,2023-06-13
688058,2023-06-12
688068,2023-06-13
688069,2023-06-12
688108,2023-06-13
688143,2023-06-12
688147,2023-06-12
688151,2023-06-13
688190,2023-06-12
688198,2023-06-12
688200,2023-06-12
688276,2023-06-13
688310,2023-06-13
688311,2023-06-12
688314,2023-06-13
688322,2023-06-13
688329,2023-06-12
688336,2023-06-13
688338,2023-06-12
688349,2023-06-13
688351,2023-06-13
688373,2023-06-13
688378,2023-06-12
688381,2023-06-13
688383,2023-06-13
688387,2023-06-12
688389,2023-06-13
688396,2023-06-12
688439,2023-06-12
688459,2023-06-12
688552,2023-06-13
688561,2023-06-12
688579,2023-06-12
688617,2023-06-13
688622,2023-06-12
688626,2023-06-13
688658,2023-06-13
688683,2023-06-12
688699,2023-06-12
830964,2023-06-12
831641,2023-06-12
831832,2023-06-13
831856,2023-06-13
833075,2023-06-12
835174,2023-06-12
835640,2023-06-13
836892,2023-06-13
838030,2023-06-13
839725,2023-06-13
871553,2023-06-12
871634,2023-06-12
872374,2023-06-13
873167,2023-06-13
873223,2023-06-12
